{"properties": [
  {
    "name": "sybase.datasource.jdbc-url",
    "type": "java.lang.String",
    "description": "A description for 'sybase.datasource.jdbc-url'"
  },
  {
    "name": "sybase.datasource.password",
    "type": "java.lang.String",
    "description": "A description for 'sybase.datasource.password'"
  },
  {
    "name": "sybase.datasource.username",
    "type": "java.lang.String",
    "description": "A description for 'sybase.datasource.username'"
  },
  {
    "name": "sybase.datasource.driver-class-name",
    "type": "java.lang.String",
    "description": "A description for 'sybase.datasource.driver-class-name'"
  },
  {
    "name": "maximumPoolSize",
    "type": "java.lang.String",
    "description": "A description for 'maximumPoolSize'"
  }
]}